{"pedestrian-polygon":{"x":0,"y":0,"width":128,"height":128,"pixelRatio":2,"visible":true},"crosswalk-large":{"x":128,"y":0,"width":120,"height":120,"pixelRatio":2,"visible":true},"crosswalk-small":{"x":0,"y":128,"width":120,"height":120,"pixelRatio":2,"visible":true},"us-interstate-truck-2":{"x":120,"y":128,"width":40,"height":80,"pixelRatio":2,"placeholder":[0,34,40,46],"visible":true},"us-interstate-truck-3":{"x":160,"y":128,"width":52,"height":80,"pixelRatio":2,"placeholder":[0,34,52,46],"visible":true},"us-highway-business-2":{"x":212,"y":128,"width":40,"height":76,"pixelRatio":2,"placeholder":[0,32,40,44],"visible":true},"us-highway-business-3":{"x":252,"y":128,"width":52,"height":76,"pixelRatio":2,"placeholder":[0,32,52,44],"visible":true},"us-highway-bypass-2":{"x":304,"y":128,"width":40,"height":76,"pixelRatio":2,"placeholder":[0,32,40,44],"visible":true},"us-highway-bypass-3":{"x":344,"y":128,"width":52,"height":76,"pixelRatio":2,"placeholder":[0,32,52,44],"visible":true},"us-highway-truck-2":{"x":396,"y":128,"width":40,"height":76,"pixelRatio":2,"placeholder":[0,32,40,44],"visible":true},"us-highway-truck-3":{"x":436,"y":128,"width":52,"height":76,"pixelRatio":2,"placeholder":[0,32,52,44],"visible":true},"sa-highway-secondary-3":{"x":248,"y":0,"width":50,"height":66,"pixelRatio":2,"placeholder":[0,27,50,39],"visible":true},"hot-spring":{"x":298,"y":0,"width":64,"height":64,"pixelRatio":2,"visible":true},"mountain":{"x":362,"y":0,"width":64,"height":64,"pixelRatio":2,"visible":true},"us-state-dc-2":{"x":426,"y":0,"width":40,"height":64,"pixelRatio":2,"placeholder":[0,26,40,38],"visible":true},"us-state-dc-3":{"x":0,"y":248,"width":52,"height":64,"pixelRatio":2,"placeholder":[0,26,52,38],"visible":true},"us-state-dc-4":{"x":52,"y":248,"width":64,"height":64,"pixelRatio":2,"placeholder":[0,26,64,38],"visible":true},"volcano":{"x":116,"y":248,"width":64,"height":64,"pixelRatio":2,"visible":true},"waterfall":{"x":180,"y":248,"width":64,"height":64,"pixelRatio":2,"visible":true},"us-state-florida-toll-2":{"x":244,"y":248,"width":42,"height":58,"pixelRatio":2,"placeholder":[0,23,42,35],"visible":true},"us-state-florida-toll-3":{"x":286,"y":248,"width":52,"height":58,"pixelRatio":2,"placeholder":[0,23,52,35],"visible":true},"ae-f-route-3":{"x":338,"y":248,"width":48,"height":54,"pixelRatio":2,"placeholder":[0,21,48,33],"visible":true},"ae-s-route-4":{"x":386,"y":248,"width":76,"height":52,"pixelRatio":2,"placeholder":[0,20,76,32],"visible":true},"pe-national-2":{"x":462,"y":248,"width":36,"height":52,"pixelRatio":2,"placeholder":[0,20,36,32],"visible":true},"pe-national-3":{"x":466,"y":0,"width":44,"height":52,"pixelRatio":2,"placeholder":[0,20,44,32],"visible":true},"us-state-colorado-2":{"x":0,"y":312,"width":40,"height":52,"pixelRatio":2,"placeholder":[0,20,40,32],"visible":true},"us-state-colorado-3":{"x":40,"y":312,"width":52,"height":52,"pixelRatio":2,"placeholder":[0,20,52,32],"visible":true},"ae-national-3":{"x":92,"y":312,"width":52,"height":50,"pixelRatio":2,"placeholder":[0,19,52,31],"visible":true},"ae-national-4":{"x":144,"y":312,"width":64,"height":50,"pixelRatio":2,"placeholder":[0,19,64,31],"visible":true},"mashreq-network-2":{"x":208,"y":312,"width":40,"height":50,"pixelRatio":2,"placeholder":[0,19,40,31],"visible":true},"us-state-idaho-2":{"x":248,"y":312,"width":50,"height":50,"pixelRatio":2,"placeholder":[0,19,50,31],"visible":true},"us-state-idaho-3":{"x":298,"y":312,"width":62,"height":50,"pixelRatio":2,"placeholder":[0,19,62,31],"visible":true},"us-state-minnesota-2":{"x":360,"y":312,"width":40,"height":50,"pixelRatio":2,"placeholder":[0,19,40,31],"visible":true},"us-state-minnesota-3":{"x":400,"y":312,"width":52,"height":50,"pixelRatio":2,"placeholder":[0,19,52,31],"visible":true},"us-state-nebraska-2":{"x":452,"y":312,"width":40,"height":50,"pixelRatio":2,"placeholder":[0,19,40,31],"visible":true},"us-state-nebraska-3":{"x":0,"y":364,"width":52,"height":50,"pixelRatio":2,"placeholder":[0,19,52,31],"visible":true},"ae-d-route-3":{"x":52,"y":364,"width":48,"height":48,"pixelRatio":2,"placeholder":[0,18,48,30],"visible":true},"ae-d-route-4":{"x":100,"y":364,"width":60,"height":48,"pixelRatio":2,"placeholder":[0,18,60,30],"visible":true},"jp-national-route-2":{"x":160,"y":364,"width":44,"height":48,"pixelRatio":2,"placeholder":[0,18,44,30],"visible":true},"jp-national-route-3":{"x":204,"y":364,"width":56,"height":48,"pixelRatio":2,"placeholder":[0,18,56,30],"visible":true},"tw-provincial-2":{"x":260,"y":364,"width":44,"height":48,"pixelRatio":2,"placeholder":[0,18,44,30],"visible":true},"tw-provincial-3":{"x":304,"y":364,"width":56,"height":48,"pixelRatio":2,"placeholder":[0,18,56,30],"visible":true},"tw-provincial-expy-2":{"x":360,"y":364,"width":44,"height":48,"pixelRatio":2,"placeholder":[0,18,44,30],"visible":true},"tw-provincial-expy-3":{"x":404,"y":364,"width":56,"height":48,"pixelRatio":2,"placeholder":[0,18,56,30],"visible":true},"us-state-maryland-2":{"x":460,"y":364,"width":40,"height":48,"pixelRatio":2,"placeholder":[0,18,40,30],"visible":true},"us-state-maryland-3":{"x":0,"y":414,"width":52,"height":48,"pixelRatio":2,"placeholder":[0,18,52,30],"visible":true},"us-state-maryland-4":{"x":52,"y":414,"width":64,"height":48,"pixelRatio":2,"placeholder":[0,18,64,30],"visible":true},"us-state-nevada-2":{"x":116,"y":414,"width":40,"height":48,"pixelRatio":2,"placeholder":[0,18,40,30],"visible":true},"us-state-nevada-3":{"x":156,"y":414,"width":52,"height":48,"pixelRatio":2,"placeholder":[0,18,52,30],"visible":true},"us-state-newhampshire-turnpike-everett":{"x":208,"y":414,"width":40,"height":48,"pixelRatio":2,"visible":true},"us-state-newhampshire-turnpike-spaulding":{"x":248,"y":414,"width":40,"height":48,"pixelRatio":2,"visible":true},"us-state-northdakota-2":{"x":288,"y":414,"width":44,"height":48,"pixelRatio":2,"placeholder":[0,18,44,30],"visible":true},"us-state-northdakota-3":{"x":332,"y":414,"width":56,"height":48,"pixelRatio":2,"placeholder":[0,18,56,30],"visible":true},"us-state-northdakota-4":{"x":388,"y":414,"width":68,"height":48,"pixelRatio":2,"placeholder":[0,18,68,30],"visible":true},"us-state-southcarolina-2":{"x":456,"y":414,"width":40,"height":48,"pixelRatio":2,"placeholder":[0,18,40,30],"visible":true},"us-state-southcarolina-3":{"x":0,"y":462,"width":52,"height":48,"pixelRatio":2,"placeholder":[0,18,52,30],"visible":true},"us-state-tennessee-2":{"x":52,"y":462,"width":40,"height":48,"pixelRatio":2,"placeholder":[0,18,40,30],"visible":true},"us-state-tennessee-3":{"x":92,"y":462,"width":52,"height":48,"pixelRatio":2,"placeholder":[0,18,52,30],"visible":true},"us-state-tennessee-4":{"x":144,"y":462,"width":64,"height":48,"pixelRatio":2,"placeholder":[0,18,64,30],"visible":true},"us-state-vermont-2":{"x":208,"y":462,"width":40,"height":48,"pixelRatio":2,"placeholder":[0,18,40,30],"visible":true},"us-state-vermont-3":{"x":248,"y":462,"width":52,"height":48,"pixelRatio":2,"placeholder":[0,18,52,30],"visible":true},"us-state-vermont-4":{"x":300,"y":462,"width":64,"height":48,"pixelRatio":2,"placeholder":[0,18,64,30],"visible":true},"za-provincial-2":{"x":364,"y":462,"width":48,"height":48,"pixelRatio":2,"placeholder":[0,18,48,30],"visible":true},"cn-nths-expy-2":{"x":412,"y":462,"width":40,"height":46,"pixelRatio":2,"placeholder":[0,17,40,29],"visible":true},"cn-nths-expy-3":{"x":452,"y":462,"width":52,"height":46,"pixelRatio":2,"placeholder":[0,17,52,29],"visible":true},"cn-nths-expy-4":{"x":496,"y":414,"width":64,"height":46,"pixelRatio":2,"placeholder":[0,17,64,29],"visible":true},"cn-nths-expy-5":{"x":560,"y":414,"width":76,"height":46,"pixelRatio":2,"placeholder":[0,17,76,29],"visible":true},"cn-provincial-expy-2":{"x":636,"y":414,"width":40,"height":46,"pixelRatio":2,"placeholder":[0,17,40,29],"visible":true},"cn-provincial-expy-3":{"x":676,"y":414,"width":52,"height":46,"pixelRatio":2,"placeholder":[0,17,52,29],"visible":true},"cn-provincial-expy-4":{"x":728,"y":414,"width":64,"height":46,"pixelRatio":2,"placeholder":[0,17,64,29],"visible":true},"cn-provincial-expy-5":{"x":792,"y":414,"width":76,"height":46,"pixelRatio":2,"placeholder":[0,17,76,29],"visible":true},"qa-main-2":{"x":868,"y":414,"width":40,"height":46,"pixelRatio":2,"placeholder":[0,17,40,29],"visible":true},"qa-main-3":{"x":908,"y":414,"width":52,"height":46,"pixelRatio":2,"placeholder":[0,17,52,29],"visible":true},"qa-main-4":{"x":960,"y":414,"width":64,"height":46,"pixelRatio":2,"placeholder":[0,17,64,29],"visible":true},"th-highway-2":{"x":504,"y":462,"width":40,"height":46,"pixelRatio":2,"placeholder":[0,17,40,29],"visible":true},"th-highway-3":{"x":544,"y":462,"width":52,"height":46,"pixelRatio":2,"placeholder":[0,17,52,29],"visible":true},"th-highway-4":{"x":596,"y":462,"width":64,"height":46,"pixelRatio":2,"placeholder":[0,17,64,29],"visible":true},"th-motorway-2":{"x":660,"y":462,"width":40,"height":46,"pixelRatio":2,"placeholder":[0,17,40,29],"visible":true},"th-motorway-toll-2":{"x":700,"y":462,"width":40,"height":46,"pixelRatio":2,"placeholder":[0,17,40,29],"visible":true},"us-state-alabama-2":{"x":740,"y":462,"width":40,"height":46,"pixelRatio":2,"placeholder":[0,17,40,29],"visible":true},"us-state-alabama-3":{"x":780,"y":462,"width":52,"height":46,"pixelRatio":2,"placeholder":[0,17,52,29],"visible":true},"us-state-california-2":{"x":832,"y":462,"width":40,"height":46,"pixelRatio":2,"placeholder":[0,17,40,29],"visible":true},"us-state-california-3":{"x":872,"y":462,"width":52,"height":46,"pixelRatio":2,"placeholder":[0,17,52,29],"visible":true},"us-state-florida-2":{"x":924,"y":462,"width":42,"height":46,"pixelRatio":2,"placeholder":[0,17,42,29],"visible":true},"us-state-florida-3":{"x":966,"y":462,"width":54,"height":46,"pixelRatio":2,"placeholder":[0,17,54,29],"visible":true},"us-state-oklahoma-2":{"x":500,"y":364,"width":40,"height":46,"pixelRatio":2,"placeholder":[0,17,40,29],"visible":true},"us-state-oklahoma-3":{"x":540,"y":364,"width":52,"height":46,"pixelRatio":2,"placeholder":[0,17,52,29],"visible":true},"us-state-oklahoma-4":{"x":592,"y":364,"width":64,"height":46,"pixelRatio":2,"placeholder":[0,17,64,29],"visible":true},"us-state-virginia-2":{"x":656,"y":364,"width":40,"height":46,"pixelRatio":2,"placeholder":[0,17,40,29],"visible":true},"us-state-virginia-3":{"x":696,"y":364,"width":52,"height":46,"pixelRatio":2,"placeholder":[0,17,52,29],"visible":true},"us-state-virginia-4":{"x":748,"y":364,"width":64,"height":46,"pixelRatio":2,"placeholder":[0,17,64,29],"visible":true},"us-state-washington-2":{"x":812,"y":364,"width":40,"height":46,"pixelRatio":2,"placeholder":[0,17,40,29],"visible":true},"us-state-washington-3":{"x":852,"y":364,"width":52,"height":46,"pixelRatio":2,"placeholder":[0,17,52,29],"visible":true},"br-federal-3":{"x":904,"y":364,"width":52,"height":44,"pixelRatio":2,"placeholder":[0,16,52,28],"visible":true},"hk-strategic-route-2":{"x":956,"y":364,"width":36,"height":44,"pixelRatio":2,"placeholder":[0,16,36,28],"visible":true},"in-national-2":{"x":992,"y":364,"width":32,"height":44,"pixelRatio":2,"placeholder":[0,16,32,28],"visible":true},"in-national-3":{"x":492,"y":312,"width":40,"height":44,"pixelRatio":2,"placeholder":[0,16,40,28],"visible":true},"in-national-4":{"x":532,"y":312,"width":48,"height":44,"pixelRatio":2,"placeholder":[0,16,48,28],"visible":true},"in-state-2":{"x":580,"y":312,"width":32,"height":44,"pixelRatio":2,"placeholder":[0,16,32,28],"visible":true},"in-state-3":{"x":612,"y":312,"width":40,"height":44,"pixelRatio":2,"placeholder":[0,16,40,28],"visible":true},"kr-natl-expy-2":{"x":652,"y":312,"width":40,"height":44,"pixelRatio":2,"placeholder":[0,16,40,28],"visible":true},"kr-natl-expy-3":{"x":692,"y":312,"width":52,"height":44,"pixelRatio":2,"placeholder":[0,16,52,28],"visible":true},"mx-federal-2":{"x":744,"y":312,"width":36,"height":44,"pixelRatio":2,"placeholder":[0,16,36,28],"visible":true},"mx-federal-3":{"x":780,"y":312,"width":46,"height":44,"pixelRatio":2,"placeholder":[0,16,46,28],"visible":true},"mx-federal-4":{"x":826,"y":312,"width":56,"height":44,"pixelRatio":2,"placeholder":[0,16,56,28],"visible":true},"mx-state-2":{"x":882,"y":312,"width":36,"height":44,"pixelRatio":2,"placeholder":[0,16,36,28],"visible":true},"mx-state-3":{"x":918,"y":312,"width":46,"height":44,"pixelRatio":2,"placeholder":[0,16,46,28],"visible":true},"mx-state-4":{"x":964,"y":312,"width":56,"height":44,"pixelRatio":2,"placeholder":[0,16,56,28],"visible":true},"pe-regional-3":{"x":498,"y":248,"width":46,"height":44,"pixelRatio":2,"placeholder":[0,16,46,28],"visible":true},"pe-regional-4":{"x":544,"y":248,"width":56,"height":44,"pixelRatio":2,"placeholder":[0,16,56,28],"visible":true},"tw-national-2":{"x":600,"y":248,"width":42,"height":44,"pixelRatio":2,"placeholder":[0,16,42,28],"visible":true},"us-interstate-2":{"x":642,"y":248,"width":40,"height":44,"pixelRatio":2,"placeholder":[0,16,40,28],"visible":true},"us-interstate-3":{"x":682,"y":248,"width":52,"height":44,"pixelRatio":2,"placeholder":[0,16,52,28],"visible":true},"us-interstate-4":{"x":734,"y":248,"width":64,"height":44,"pixelRatio":2,"placeholder":[0,16,64,28],"visible":true},"us-interstate-business-2":{"x":798,"y":248,"width":40,"height":44,"pixelRatio":2,"placeholder":[0,16,40,28],"visible":true},"us-interstate-business-3":{"x":838,"y":248,"width":52,"height":44,"pixelRatio":2,"placeholder":[0,16,52,28],"visible":true},"us-interstate-duplex-4":{"x":890,"y":248,"width":64,"height":44,"pixelRatio":2,"placeholder":[0,16,64,28],"visible":true},"us-interstate-duplex-5":{"x":488,"y":128,"width":76,"height":44,"pixelRatio":2,"placeholder":[0,16,76,28],"visible":true},"us-state-alaska-2":{"x":954,"y":248,"width":48,"height":44,"pixelRatio":2,"placeholder":[0,16,48,28],"visible":true},"us-state-alaska-3":{"x":564,"y":128,"width":60,"height":44,"pixelRatio":2,"placeholder":[0,16,60,28],"visible":true},"us-state-florida-turnpike":{"x":624,"y":128,"width":40,"height":44,"pixelRatio":2,"visible":true},"us-state-louisiana-2":{"x":664,"y":128,"width":40,"height":44,"pixelRatio":2,"placeholder":[0,16,40,28],"visible":true},"us-state-louisiana-3":{"x":704,"y":128,"width":52,"height":44,"pixelRatio":2,"placeholder":[0,16,52,28],"visible":true},"us-state-louisiana-4":{"x":756,"y":128,"width":64,"height":44,"pixelRatio":2,"placeholder":[0,16,64,28],"visible":true},"us-state-louisiana-5":{"x":820,"y":128,"width":76,"height":44,"pixelRatio":2,"placeholder":[0,16,76,28],"visible":true},"us-state-louisiana-6":{"x":896,"y":128,"width":88,"height":44,"pixelRatio":2,"placeholder":[0,16,88,28],"visible":true},"au-tourist-2":{"x":984,"y":128,"width":40,"height":42,"pixelRatio":2,"placeholder":[0,15,40,27],"visible":true},"au-tourist-3":{"x":510,"y":0,"width":56,"height":42,"pixelRatio":2,"placeholder":[0,15,56,27],"visible":true},"us-state-arizona-2":{"x":566,"y":0,"width":40,"height":42,"pixelRatio":2,"placeholder":[0,15,40,27],"visible":true},"us-state-arizona-3":{"x":606,"y":0,"width":52,"height":42,"pixelRatio":2,"placeholder":[0,15,52,27],"visible":true},"us-state-arizona-historic-2":{"x":658,"y":0,"width":40,"height":42,"pixelRatio":2,"placeholder":[0,15,40,27],"visible":true},"us-state-arkansas-2":{"x":698,"y":0,"width":40,"height":42,"pixelRatio":2,"placeholder":[0,15,40,27],"visible":true},"us-state-arkansas-3":{"x":738,"y":0,"width":52,"height":42,"pixelRatio":2,"placeholder":[0,15,52,27],"visible":true},"us-state-arkansas-4":{"x":790,"y":0,"width":64,"height":42,"pixelRatio":2,"placeholder":[0,15,64,27],"visible":true},"us-state-hawaii-2":{"x":854,"y":0,"width":40,"height":42,"pixelRatio":2,"placeholder":[0,15,40,27],"visible":true},"us-state-hawaii-3":{"x":894,"y":0,"width":52,"height":42,"pixelRatio":2,"placeholder":[0,15,52,27],"visible":true},"us-state-missouri-2":{"x":946,"y":0,"width":40,"height":42,"pixelRatio":2,"placeholder":[0,15,40,27],"visible":true},"us-state-missouri-3":{"x":0,"y":510,"width":52,"height":42,"pixelRatio":2,"placeholder":[0,15,52,27],"visible":true},"us-state-missouri-4":{"x":52,"y":510,"width":64,"height":42,"pixelRatio":2,"placeholder":[0,15,64,27],"visible":true},"us-state-montana-alt-2":{"x":116,"y":510,"width":40,"height":42,"pixelRatio":2,"placeholder":[0,15,40,27],"visible":true},"us-state-montana-alt-3":{"x":156,"y":510,"width":52,"height":42,"pixelRatio":2,"placeholder":[0,15,52,27],"visible":true},"us-state-newhampshire-2":{"x":208,"y":510,"width":44,"height":42,"pixelRatio":2,"placeholder":[0,15,44,27],"visible":true},"us-state-newhampshire-3":{"x":252,"y":510,"width":56,"height":42,"pixelRatio":2,"placeholder":[0,15,56,27],"visible":true},"us-state-newhampshire-4":{"x":308,"y":510,"width":68,"height":42,"pixelRatio":2,"placeholder":[0,15,68,27],"visible":true},"us-state-newmexico-2":{"x":376,"y":510,"width":42,"height":42,"pixelRatio":2,"placeholder":[0,15,42,27],"visible":true},"us-state-newmexico-3":{"x":418,"y":510,"width":54,"height":42,"pixelRatio":2,"placeholder":[0,15,54,27],"visible":true},"us-state-newmexico-4":{"x":472,"y":510,"width":66,"height":42,"pixelRatio":2,"placeholder":[0,15,66,27],"visible":true},"us-state-oregon-2":{"x":538,"y":510,"width":40,"height":42,"pixelRatio":2,"placeholder":[0,15,40,27],"visible":true},"us-state-oregon-3":{"x":578,"y":510,"width":52,"height":42,"pixelRatio":2,"placeholder":[0,15,52,27],"visible":true},"us-state-pennsylvania-2":{"x":630,"y":510,"width":40,"height":42,"pixelRatio":2,"placeholder":[0,15,40,27],"visible":true},"us-state-pennsylvania-3":{"x":670,"y":510,"width":52,"height":42,"pixelRatio":2,"placeholder":[0,15,52,27],"visible":true},"us-state-pennsylvania-turnpike":{"x":722,"y":510,"width":40,"height":42,"pixelRatio":2,"visible":true},"us-state-southdakota-2":{"x":762,"y":510,"width":40,"height":42,"pixelRatio":2,"placeholder":[0,15,40,27],"visible":true},"us-state-southdakota-3":{"x":802,"y":510,"width":52,"height":42,"pixelRatio":2,"placeholder":[0,15,52,27],"visible":true},"us-state-southdakota-4":{"x":854,"y":510,"width":64,"height":42,"pixelRatio":2,"placeholder":[0,15,64,27],"visible":true},"us-state-texas-farm-ranch-2":{"x":918,"y":510,"width":40,"height":42,"pixelRatio":2,"placeholder":[0,15,40,27],"visible":true},"us-state-texas-farm-ranch-3":{"x":958,"y":510,"width":52,"height":42,"pixelRatio":2,"placeholder":[0,15,52,27],"visible":true},"us-state-texas-farm-ranch-4":{"x":0,"y":552,"width":64,"height":42,"pixelRatio":2,"placeholder":[0,15,64,27],"visible":true},"ar-national-2":{"x":64,"y":552,"width":40,"height":40,"pixelRatio":2,"placeholder":[0,14,40,26],"visible":true},"ar-national-3":{"x":104,"y":552,"width":52,"height":40,"pixelRatio":2,"placeholder":[0,14,52,26],"visible":true},"ar-national-4":{"x":156,"y":552,"width":64,"height":40,"pixelRatio":2,"placeholder":[0,14,64,26],"visible":true},"au-national-highway-2":{"x":220,"y":552,"width":40,"height":40,"pixelRatio":2,"placeholder":[0,14,40,26],"visible":true},"au-national-highway-3":{"x":260,"y":552,"width":52,"height":40,"pixelRatio":2,"placeholder":[0,14,52,26],"visible":true},"au-national-route-2":{"x":312,"y":552,"width":40,"height":40,"pixelRatio":2,"placeholder":[0,14,40,26],"visible":true},"au-national-route-3":{"x":352,"y":552,"width":52,"height":40,"pixelRatio":2,"placeholder":[0,14,52,26],"visible":true},"au-national-route-4":{"x":404,"y":552,"width":64,"height":40,"pixelRatio":2,"placeholder":[0,14,64,26],"visible":true},"au-national-route-5":{"x":468,"y":552,"width":76,"height":40,"pixelRatio":2,"placeholder":[0,14,76,26],"visible":true},"au-national-route-6":{"x":544,"y":552,"width":86,"height":40,"pixelRatio":2,"placeholder":[0,14,86,26],"visible":true},"au-state-2":{"x":630,"y":552,"width":36,"height":40,"pixelRatio":2,"placeholder":[0,14,36,26],"visible":true},"au-state-3":{"x":666,"y":552,"width":46,"height":40,"pixelRatio":2,"placeholder":[0,14,46,26],"visible":true},"au-state-4":{"x":712,"y":552,"width":58,"height":40,"pixelRatio":2,"placeholder":[0,14,58,26],"visible":true},"au-state-5":{"x":770,"y":552,"width":68,"height":40,"pixelRatio":2,"placeholder":[0,14,68,26],"visible":true},"au-state-6":{"x":838,"y":552,"width":78,"height":40,"pixelRatio":2,"placeholder":[0,14,78,26],"visible":true},"br-state-2":{"x":916,"y":552,"width":40,"height":40,"pixelRatio":2,"placeholder":[0,14,40,26],"visible":true},"br-state-3":{"x":956,"y":552,"width":56,"height":40,"pixelRatio":2,"placeholder":[0,14,56,26],"visible":true},"ca-trans-canada-2":{"x":0,"y":594,"width":40,"height":40,"pixelRatio":2,"placeholder":[0,14,40,26],"visible":true},"ca-trans-canada-3":{"x":40,"y":594,"width":64,"height":40,"pixelRatio":2,"placeholder":[0,14,64,26],"visible":true},"circle-white-2":{"x":104,"y":594,"width":40,"height":40,"pixelRatio":2,"placeholder":[0,14,40,26],"visible":true},"circle-white-3":{"x":144,"y":594,"width":52,"height":40,"pixelRatio":2,"placeholder":[0,14,52,26],"visible":true},"circle-white-4":{"x":196,"y":594,"width":64,"height":40,"pixelRatio":2,"placeholder":[0,14,64,26],"visible":true},"cl-highway-2":{"x":260,"y":594,"width":40,"height":40,"pixelRatio":2,"placeholder":[0,14,40,26],"visible":true},"cl-highway-3":{"x":300,"y":594,"width":52,"height":40,"pixelRatio":2,"placeholder":[0,14,52,26],"visible":true},"co-national-2":{"x":352,"y":594,"width":40,"height":40,"pixelRatio":2,"placeholder":[0,14,40,26],"visible":true},"co-national-3":{"x":392,"y":594,"width":48,"height":40,"pixelRatio":2,"placeholder":[0,14,48,26],"visible":true},"gate":{"x":440,"y":594,"width":40,"height":40,"pixelRatio":2,"visible":true},"hu-main-2":{"x":480,"y":594,"width":40,"height":40,"pixelRatio":2,"placeholder":[0,14,40,26],"visible":true},"hu-main-3":{"x":520,"y":594,"width":52,"height":40,"pixelRatio":2,"placeholder":[0,14,52,26],"visible":true},"hu-main-4":{"x":572,"y":594,"width":64,"height":40,"pixelRatio":2,"placeholder":[0,14,64,26],"visible":true},"hu-main-5":{"x":636,"y":594,"width":76,"height":40,"pixelRatio":2,"placeholder":[0,14,76,26],"visible":true},"hu-motorway-2":{"x":712,"y":594,"width":40,"height":40,"pixelRatio":2,"placeholder":[0,14,40,26],"visible":true},"hu-motorway-3":{"x":752,"y":594,"width":52,"height":40,"pixelRatio":2,"placeholder":[0,14,52,26],"visible":true},"lift-gate":{"x":804,"y":594,"width":40,"height":40,"pixelRatio":2,"visible":true},"marker":{"x":844,"y":594,"width":24,"height":40,"pixelRatio":2,"visible":true},"md-local-2":{"x":868,"y":594,"width":40,"height":40,"pixelRatio":2,"placeholder":[0,14,40,26],"visible":true},"md-local-3":{"x":908,"y":594,"width":52,"height":40,"pixelRatio":2,"placeholder":[0,14,52,26],"visible":true},"md-local-4":{"x":960,"y":594,"width":64,"height":40,"pixelRatio":2,"placeholder":[0,14,64,26],"visible":true},"md-local-5":{"x":0,"y":634,"width":76,"height":40,"pixelRatio":2,"placeholder":[0,14,76,26],"visible":true},"md-local-6":{"x":76,"y":634,"width":86,"height":40,"pixelRatio":2,"placeholder":[0,14,86,26],"visible":true},"md-main-2":{"x":162,"y":634,"width":40,"height":40,"pixelRatio":2,"placeholder":[0,14,40,26],"visible":true},"md-main-3":{"x":202,"y":634,"width":52,"height":40,"pixelRatio":2,"placeholder":[0,14,52,26],"visible":true},"md-main-4":{"x":254,"y":634,"width":64,"height":40,"pixelRatio":2,"placeholder":[0,14,64,26],"visible":true},"nz-state-2":{"x":318,"y":634,"width":36,"height":40,"pixelRatio":2,"placeholder":[0,14,36,26],"visible":true},"nz-state-3":{"x":354,"y":634,"width":46,"height":40,"pixelRatio":2,"placeholder":[0,14,46,26],"visible":true},"nz-urban-2":{"x":400,"y":634,"width":40,"height":40,"pixelRatio":2,"placeholder":[0,14,40,26],"visible":true},"pe-departmental-3":{"x":440,"y":634,"width":48,"height":40,"pixelRatio":2,"placeholder":[0,14,48,26],"visible":true},"ph-expressway-2":{"x":488,"y":634,"width":40,"height":40,"pixelRatio":2,"placeholder":[0,14,40,26],"visible":true},"ph-primary-2":{"x":528,"y":634,"width":40,"height":40,"pixelRatio":2,"placeholder":[0,14,40,26],"visible":true},"ph-primary-3":{"x":568,"y":634,"width":52,"height":40,"pixelRatio":2,"placeholder":[0,14,52,26],"visible":true},"ro-communal-2":{"x":620,"y":634,"width":40,"height":40,"pixelRatio":2,"placeholder":[0,14,40,26],"visible":true},"ro-communal-3":{"x":660,"y":634,"width":52,"height":40,"pixelRatio":2,"placeholder":[0,14,52,26],"visible":true},"ro-communal-4":{"x":712,"y":634,"width":64,"height":40,"pixelRatio":2,"placeholder":[0,14,64,26],"visible":true},"ro-county-3":{"x":776,"y":634,"width":52,"height":40,"pixelRatio":2,"placeholder":[0,14,52,26],"visible":true},"ro-county-4":{"x":828,"y":634,"width":64,"height":40,"pixelRatio":2,"placeholder":[0,14,64,26],"visible":true},"ro-national-2":{"x":892,"y":634,"width":40,"height":40,"pixelRatio":2,"placeholder":[0,14,40,26],"visible":true},"ro-national-3":{"x":932,"y":634,"width":52,"height":40,"pixelRatio":2,"placeholder":[0,14,52,26],"visible":true},"sa-highway-2":{"x":984,"y":634,"width":40,"height":40,"pixelRatio":2,"placeholder":[0,14,40,26],"visible":true},"sa-highway-3":{"x":0,"y":674,"width":52,"height":40,"pixelRatio":2,"placeholder":[0,14,52,26],"visible":true},"tw-county-township-2":{"x":52,"y":674,"width":40,"height":40,"pixelRatio":2,"placeholder":[0,14,40,26],"visible":true},"tw-county-township-3":{"x":92,"y":674,"width":52,"height":40,"pixelRatio":2,"placeholder":[0,14,52,26],"visible":true},"tw-county-township-4":{"x":144,"y":674,"width":64,"height":40,"pixelRatio":2,"placeholder":[0,14,64,26],"visible":true},"tw-county-township-5":{"x":208,"y":674,"width":76,"height":40,"pixelRatio":2,"placeholder":[0,14,76,26],"visible":true},"tw-county-township-6":{"x":284,"y":674,"width":88,"height":40,"pixelRatio":2,"placeholder":[0,14,88,26],"visible":true},"us-bia-2":{"x":372,"y":674,"width":40,"height":40,"pixelRatio":2,"placeholder":[0,14,40,26],"visible":true},"us-bia-3":{"x":412,"y":674,"width":52,"height":40,"pixelRatio":2,"placeholder":[0,14,52,26],"visible":true},"us-bia-4":{"x":464,"y":674,"width":60,"height":40,"pixelRatio":2,"placeholder":[0,14,60,26],"visible":true},"us-highway-2":{"x":524,"y":674,"width":40,"height":40,"pixelRatio":2,"placeholder":[0,14,40,26],"visible":true},"us-highway-3":{"x":564,"y":674,"width":52,"height":40,"pixelRatio":2,"placeholder":[0,14,52,26],"visible":true},"us-highway-4":{"x":616,"y":674,"width":64,"height":40,"pixelRatio":2,"placeholder":[0,14,64,26],"visible":true},"us-highway-alternate-2":{"x":680,"y":674,"width":40,"height":40,"pixelRatio":2,"placeholder":[0,14,40,26],"visible":true},"us-highway-alternate-3":{"x":720,"y":674,"width":52,"height":40,"pixelRatio":2,"placeholder":[0,14,52,26],"visible":true},"us-highway-duplex-3":{"x":772,"y":674,"width":52,"height":40,"pixelRatio":2,"placeholder":[0,14,52,26],"visible":true},"us-highway-duplex-4":{"x":824,"y":674,"width":64,"height":40,"pixelRatio":2,"placeholder":[0,14,64,26],"visible":true},"us-highway-duplex-5":{"x":888,"y":674,"width":76,"height":40,"pixelRatio":2,"placeholder":[0,14,76,26],"visible":true},"us-state-circle-2":{"x":964,"y":674,"width":40,"height":40,"pixelRatio":2,"placeholder":[0,14,40,26],"visible":true},"us-state-circle-3":{"x":0,"y":714,"width":52,"height":40,"pixelRatio":2,"placeholder":[0,14,52,26],"visible":true},"us-state-circle-4":{"x":52,"y":714,"width":64,"height":40,"pixelRatio":2,"placeholder":[0,14,64,26],"visible":true},"us-state-colorado-toll":{"x":116,"y":714,"width":40,"height":40,"pixelRatio":2,"visible":true},"us-state-diamond-2":{"x":156,"y":714,"width":40,"height":40,"pixelRatio":2,"placeholder":[0,14,40,26],"visible":true},"us-state-diamond-3":{"x":196,"y":714,"width":52,"height":40,"pixelRatio":2,"placeholder":[0,14,52,26],"visible":true},"us-state-georgia-2":{"x":248,"y":714,"width":42,"height":40,"pixelRatio":2,"placeholder":[0,14,42,26],"visible":true},"us-state-georgia-3":{"x":290,"y":714,"width":54,"height":40,"pixelRatio":2,"placeholder":[0,14,54,26],"visible":true},"us-state-kansas-2":{"x":344,"y":714,"width":40,"height":40,"pixelRatio":2,"placeholder":[0,14,40,26],"visible":true},"us-state-kansas-3":{"x":384,"y":714,"width":52,"height":40,"pixelRatio":2,"placeholder":[0,14,52,26],"visible":true},"us-state-newjersey-expressway-atlantic":{"x":436,"y":714,"width":40,"height":40,"pixelRatio":2,"visible":true},"us-state-newjersey-parkway-garden":{"x":476,"y":714,"width":40,"height":40,"pixelRatio":2,"visible":true},"us-state-newjersey-toll-turnpike":{"x":516,"y":714,"width":40,"height":40,"pixelRatio":2,"visible":true},"us-state-newyork-2":{"x":556,"y":714,"width":40,"height":40,"pixelRatio":2,"placeholder":[0,14,40,26],"visible":true},"us-state-newyork-3":{"x":596,"y":714,"width":52,"height":40,"pixelRatio":2,"placeholder":[0,14,52,26],"visible":true},"us-state-newyork-4":{"x":648,"y":714,"width":64,"height":40,"pixelRatio":2,"placeholder":[0,14,64,26],"visible":true},"us-state-newyork-parkway-ontario":{"x":712,"y":714,"width":40,"height":40,"pixelRatio":2,"visible":true},"us-state-newyork-parkway-palisades":{"x":752,"y":714,"width":40,"height":40,"pixelRatio":2,"visible":true},"us-state-ohio-2":{"x":792,"y":714,"width":40,"height":40,"pixelRatio":2,"placeholder":[0,14,40,26],"visible":true},"us-state-ohio-3":{"x":832,"y":714,"width":52,"height":40,"pixelRatio":2,"placeholder":[0,14,52,26],"visible":true},"us-state-ohio-4":{"x":884,"y":714,"width":64,"height":40,"pixelRatio":2,"placeholder":[0,14,64,26],"visible":true},"us-state-ohio-turnpike":{"x":948,"y":714,"width":40,"height":40,"pixelRatio":2,"visible":true},"us-state-oklahoma-turnpike":{"x":0,"y":754,"width":40,"height":40,"pixelRatio":2,"visible":true},"us-state-square-2":{"x":40,"y":754,"width":40,"height":40,"pixelRatio":2,"placeholder":[0,14,40,26],"visible":true},"us-state-square-3":{"x":80,"y":754,"width":52,"height":40,"pixelRatio":2,"placeholder":[0,14,52,26],"visible":true},"us-state-square-4":{"x":132,"y":754,"width":64,"height":40,"pixelRatio":2,"placeholder":[0,14,64,26],"visible":true},"us-state-utah-2":{"x":196,"y":754,"width":40,"height":40,"pixelRatio":2,"placeholder":[0,14,40,26],"visible":true},"us-state-utah-3":{"x":236,"y":754,"width":52,"height":40,"pixelRatio":2,"placeholder":[0,14,52,26],"visible":true},"us-state-wisconsin-2":{"x":288,"y":754,"width":40,"height":40,"pixelRatio":2,"placeholder":[0,14,40,26],"visible":true},"us-state-wisconsin-3":{"x":328,"y":754,"width":52,"height":40,"pixelRatio":2,"placeholder":[0,14,52,26],"visible":true},"za-national-2":{"x":380,"y":754,"width":40,"height":40,"pixelRatio":2,"placeholder":[0,14,40,26],"visible":true},"za-national-3":{"x":420,"y":754,"width":56,"height":40,"pixelRatio":2,"placeholder":[0,14,56,26],"visible":true},"barcelona-metro":{"x":476,"y":754,"width":38,"height":38,"pixelRatio":2,"visible":true},"boston-t":{"x":514,"y":754,"width":38,"height":38,"pixelRatio":2,"visible":true},"de-s-bahn":{"x":552,"y":754,"width":38,"height":38,"pixelRatio":2,"visible":true},"de-s-bahn.de-u-bahn":{"x":590,"y":754,"width":70,"height":38,"pixelRatio":2,"visible":true},"delhi-metro":{"x":660,"y":754,"width":38,"height":38,"pixelRatio":2,"visible":true},"id-national-2":{"x":698,"y":754,"width":44,"height":38,"pixelRatio":2,"placeholder":[0,13,44,25],"visible":true},"kiev-metro":{"x":742,"y":754,"width":38,"height":38,"pixelRatio":2,"visible":true},"kr-metro-expy-2":{"x":780,"y":754,"width":40,"height":38,"pixelRatio":2,"placeholder":[0,13,40,25],"visible":true},"kr-metro-expy-3":{"x":820,"y":754,"width":52,"height":38,"pixelRatio":2,"placeholder":[0,13,52,25],"visible":true},"kr-metro-expy-4":{"x":872,"y":754,"width":64,"height":38,"pixelRatio":2,"placeholder":[0,13,64,25],"visible":true},"madrid-metro":{"x":936,"y":754,"width":38,"height":38,"pixelRatio":2,"visible":true},"new-york-subway":{"x":974,"y":754,"width":38,"height":38,"pixelRatio":2,"visible":true},"oslo-metro":{"x":986,"y":0,"width":38,"height":38,"pixelRatio":2,"visible":true},"paris-metro":{"x":0,"y":794,"width":38,"height":38,"pixelRatio":2,"visible":true},"paris-metro.paris-rer":{"x":38,"y":794,"width":74,"height":38,"pixelRatio":2,"visible":true},"paris-rer":{"x":112,"y":794,"width":38,"height":38,"pixelRatio":2,"visible":true},"paris-rer.paris-transilien":{"x":150,"y":794,"width":70,"height":38,"pixelRatio":2,"visible":true},"road-closure":{"x":220,"y":794,"width":38,"height":38,"pixelRatio":2,"visible":true},"stockholm-metro":{"x":258,"y":794,"width":38,"height":38,"pixelRatio":2,"visible":true},"taipei-metro":{"x":296,"y":794,"width":38,"height":38,"pixelRatio":2,"visible":true},"us-state-connecticut-parkway-merrit":{"x":334,"y":794,"width":40,"height":38,"pixelRatio":2,"visible":true},"us-state-newyork-parkway-alt":{"x":374,"y":794,"width":40,"height":38,"pixelRatio":2,"visible":true},"vienna-u-bahn":{"x":414,"y":794,"width":38,"height":38,"pixelRatio":2,"visible":true},"il-highway-black-4":{"x":452,"y":794,"width":66,"height":36,"pixelRatio":2,"placeholder":[0,12,66,24],"visible":true},"il-highway-blue-2":{"x":518,"y":794,"width":44,"height":36,"pixelRatio":2,"placeholder":[0,12,44,24],"visible":true},"il-highway-blue-3":{"x":562,"y":794,"width":56,"height":36,"pixelRatio":2,"placeholder":[0,12,56,24],"visible":true},"il-highway-green-3":{"x":618,"y":794,"width":56,"height":36,"pixelRatio":2,"placeholder":[0,12,56,24],"visible":true},"il-highway-red-2":{"x":674,"y":794,"width":44,"height":36,"pixelRatio":2,"placeholder":[0,12,44,24],"visible":true},"kr-natl-hwy-2":{"x":718,"y":794,"width":44,"height":36,"pixelRatio":2,"placeholder":[0,12,44,24],"visible":true},"us-state-kentucky-highway-aa":{"x":762,"y":794,"width":40,"height":36,"pixelRatio":2,"visible":true},"us-state-kentucky-parkway-purchase":{"x":802,"y":794,"width":40,"height":36,"pixelRatio":2,"visible":true},"us-state-newyork-parkway":{"x":842,"y":794,"width":40,"height":36,"pixelRatio":2,"visible":true},"us-state-wyoming-2":{"x":882,"y":794,"width":36,"height":36,"pixelRatio":2,"placeholder":[0,12,36,24],"visible":true},"us-state-wyoming-3":{"x":918,"y":794,"width":48,"height":36,"pixelRatio":2,"placeholder":[0,12,48,24],"visible":true},"chongqing-rail-transit":{"x":966,"y":794,"width":50,"height":34,"pixelRatio":2,"visible":true},"de-u-bahn":{"x":988,"y":714,"width":34,"height":34,"pixelRatio":2,"visible":true},"hong-kong-mtr":{"x":0,"y":832,"width":38,"height":34,"pixelRatio":2,"visible":true},"jp-urban-expressway-2":{"x":38,"y":832,"width":40,"height":34,"pixelRatio":2,"placeholder":[0,11,40,23],"visible":true},"jp-urban-expressway-3":{"x":78,"y":832,"width":52,"height":34,"pixelRatio":2,"placeholder":[0,11,52,23],"visible":true},"mexico-city-metro":{"x":130,"y":832,"width":34,"height":34,"pixelRatio":2,"visible":true},"milan-metro":{"x":164,"y":832,"width":34,"height":34,"pixelRatio":2,"visible":true},"moscow-metro":{"x":198,"y":832,"width":34,"height":34,"pixelRatio":2,"visible":true},"osaka-subway":{"x":232,"y":832,"width":34,"height":34,"pixelRatio":2,"visible":true},"paris-transilien":{"x":266,"y":832,"width":34,"height":34,"pixelRatio":2,"visible":true},"philadelphia-septa":{"x":300,"y":832,"width":38,"height":34,"pixelRatio":2,"visible":true},"pk-motorway-2":{"x":338,"y":832,"width":40,"height":34,"pixelRatio":2,"placeholder":[0,11,40,23],"visible":true},"pk-motorway-3":{"x":378,"y":832,"width":52,"height":34,"pixelRatio":2,"placeholder":[0,11,52,23],"visible":true},"san-francisco-bart":{"x":430,"y":832,"width":34,"height":34,"pixelRatio":2,"visible":true},"singapore-mrt":{"x":464,"y":832,"width":34,"height":34,"pixelRatio":2,"visible":true},"tokyo-metro":{"x":498,"y":832,"width":34,"height":34,"pixelRatio":2,"visible":true},"traffic-signal":{"x":532,"y":832,"width":16,"height":34,"pixelRatio":2,"visible":true},"us-state-northcarolina-parkway-blueridge":{"x":548,"y":832,"width":40,"height":34,"pixelRatio":2,"visible":true},"washington-metro":{"x":588,"y":832,"width":34,"height":34,"pixelRatio":2,"visible":true},"airfield":{"x":622,"y":832,"width":32,"height":32,"pixelRatio":2,"visible":true},"airport":{"x":654,"y":832,"width":32,"height":32,"pixelRatio":2,"visible":true},"al-motorway-2":{"x":686,"y":832,"width":40,"height":32,"pixelRatio":2,"placeholder":[0,10,40,22],"visible":true},"alcohol-shop":{"x":726,"y":832,"width":32,"height":32,"pixelRatio":2,"visible":true},"american-football":{"x":758,"y":832,"width":32,"height":32,"pixelRatio":2,"visible":true},"amusement-park":{"x":790,"y":832,"width":32,"height":32,"pixelRatio":2,"visible":true},"aquarium":{"x":822,"y":832,"width":32,"height":32,"pixelRatio":2,"visible":true},"art-gallery":{"x":854,"y":832,"width":32,"height":32,"pixelRatio":2,"visible":true},"attraction":{"x":886,"y":832,"width":32,"height":32,"pixelRatio":2,"visible":true},"bakery":{"x":918,"y":832,"width":32,"height":32,"pixelRatio":2,"visible":true},"bank":{"x":950,"y":832,"width":32,"height":32,"pixelRatio":2,"visible":true},"bar":{"x":982,"y":832,"width":32,"height":32,"pixelRatio":2,"visible":true},"baseball":{"x":0,"y":866,"width":32,"height":32,"pixelRatio":2,"visible":true},"basketball":{"x":32,"y":866,"width":32,"height":32,"pixelRatio":2,"visible":true},"beach":{"x":64,"y":866,"width":32,"height":32,"pixelRatio":2,"visible":true},"beer":{"x":96,"y":866,"width":32,"height":32,"pixelRatio":2,"visible":true},"bicycle":{"x":128,"y":866,"width":32,"height":32,"pixelRatio":2,"visible":true},"bicycle-share":{"x":160,"y":866,"width":32,"height":32,"pixelRatio":2,"visible":true},"bowling-alley":{"x":192,"y":866,"width":32,"height":32,"pixelRatio":2,"visible":true},"bridge":{"x":224,"y":866,"width":32,"height":32,"pixelRatio":2,"visible":true},"bus":{"x":256,"y":866,"width":32,"height":32,"pixelRatio":2,"visible":true},"cafe":{"x":288,"y":866,"width":32,"height":32,"pixelRatio":2,"visible":true},"campsite":{"x":320,"y":866,"width":32,"height":32,"pixelRatio":2,"visible":true},"car":{"x":352,"y":866,"width":32,"height":32,"pixelRatio":2,"visible":true},"car-rental":{"x":384,"y":866,"width":32,"height":32,"pixelRatio":2,"visible":true},"car-repair":{"x":416,"y":866,"width":32,"height":32,"pixelRatio":2,"visible":true},"casino":{"x":448,"y":866,"width":32,"height":32,"pixelRatio":2,"visible":true},"castle":{"x":480,"y":866,"width":32,"height":32,"pixelRatio":2,"visible":true},"cemetery":{"x":512,"y":866,"width":32,"height":32,"pixelRatio":2,"visible":true},"ch-motorway-2":{"x":544,"y":866,"width":44,"height":32,"pixelRatio":2,"placeholder":[0,10,44,22],"visible":true},"ch-motorway-3":{"x":588,"y":866,"width":56,"height":32,"pixelRatio":2,"placeholder":[0,10,56,22],"visible":true},"charging-station":{"x":644,"y":866,"width":32,"height":32,"pixelRatio":2,"visible":true},"cinema":{"x":676,"y":866,"width":32,"height":32,"pixelRatio":2,"visible":true},"clothing-store":{"x":708,"y":866,"width":32,"height":32,"pixelRatio":2,"visible":true},"college":{"x":740,"y":866,"width":32,"height":32,"pixelRatio":2,"visible":true},"communications-tower":{"x":772,"y":866,"width":32,"height":32,"pixelRatio":2,"visible":true},"confectionery":{"x":804,"y":866,"width":32,"height":32,"pixelRatio":2,"visible":true},"convenience":{"x":836,"y":866,"width":32,"height":32,"pixelRatio":2,"visible":true},"cy-motorway-2":{"x":868,"y":866,"width":44,"height":32,"pixelRatio":2,"placeholder":[0,10,44,22],"visible":true},"cy-motorway-3":{"x":912,"y":866,"width":56,"height":32,"pixelRatio":2,"placeholder":[0,10,56,22],"visible":true},"de-motorway-2":{"x":968,"y":866,"width":44,"height":32,"pixelRatio":2,"placeholder":[0,10,44,22],"visible":true},"de-motorway-3":{"x":0,"y":898,"width":56,"height":32,"pixelRatio":2,"placeholder":[0,10,56,22],"visible":true},"dentist":{"x":56,"y":898,"width":32,"height":32,"pixelRatio":2,"visible":true},"doctor":{"x":88,"y":898,"width":32,"height":32,"pixelRatio":2,"visible":true},"dog-park":{"x":120,"y":898,"width":32,"height":32,"pixelRatio":2,"visible":true},"drinking-water":{"x":152,"y":898,"width":32,"height":32,"pixelRatio":2,"visible":true},"embassy":{"x":184,"y":898,"width":32,"height":32,"pixelRatio":2,"visible":true},"entrance":{"x":216,"y":898,"width":32,"height":32,"pixelRatio":2,"visible":true},"farm":{"x":248,"y":898,"width":32,"height":32,"pixelRatio":2,"visible":true},"fast-food":{"x":280,"y":898,"width":32,"height":32,"pixelRatio":2,"visible":true},"ferry":{"x":312,"y":898,"width":32,"height":32,"pixelRatio":2,"visible":true},"fire-station":{"x":344,"y":898,"width":32,"height":32,"pixelRatio":2,"visible":true},"fitness-centre":{"x":376,"y":898,"width":32,"height":32,"pixelRatio":2,"visible":true},"fuel":{"x":408,"y":898,"width":32,"height":32,"pixelRatio":2,"visible":true},"furniture":{"x":440,"y":898,"width":32,"height":32,"pixelRatio":2,"visible":true},"garden":{"x":472,"y":898,"width":32,"height":32,"pixelRatio":2,"visible":true},"gb-national-rail.london-dlr":{"x":504,"y":898,"width":72,"height":32,"pixelRatio":2,"visible":true},"gb-national-rail.london-dlr.london-overground.london-tfl-rail.london-underground":{"x":576,"y":898,"width":186,"height":32,"pixelRatio":2,"visible":true},"gb-national-rail.london-dlr.london-overground.london-underground":{"x":762,"y":898,"width":148,"height":32,"pixelRatio":2,"visible":true},"gb-national-rail.london-dlr.london-underground":{"x":910,"y":898,"width":110,"height":32,"pixelRatio":2,"visible":true},"gb-national-rail.london-overground":{"x":0,"y":930,"width":72,"height":32,"pixelRatio":2,"visible":true},"gb-national-rail.london-overground.london-tfl-rail.london-underground":{"x":72,"y":930,"width":148,"height":32,"pixelRatio":2,"visible":true},"gb-national-rail.london-overground.london-underground":{"x":220,"y":930,"width":110,"height":32,"pixelRatio":2,"visible":true},"gb-national-rail.london-tfl-rail":{"x":330,"y":930,"width":72,"height":32,"pixelRatio":2,"visible":true},"gb-national-rail.london-tfl-rail.london-overground":{"x":402,"y":930,"width":110,"height":32,"pixelRatio":2,"visible":true},"gb-national-rail.london-tfl-rail.london-underground":{"x":512,"y":930,"width":110,"height":32,"pixelRatio":2,"visible":true},"gb-national-rail.london-underground":{"x":622,"y":930,"width":72,"height":32,"pixelRatio":2,"visible":true},"globe":{"x":694,"y":930,"width":32,"height":32,"pixelRatio":2,"visible":true},"golf":{"x":726,"y":930,"width":32,"height":32,"pixelRatio":2,"visible":true},"gr-motorway-2":{"x":758,"y":930,"width":44,"height":32,"pixelRatio":2,"placeholder":[0,10,44,22],"visible":true},"gr-motorway-3":{"x":802,"y":930,"width":56,"height":32,"pixelRatio":2,"placeholder":[0,10,56,22],"visible":true},"gr-motorway-4":{"x":858,"y":930,"width":68,"height":32,"pixelRatio":2,"placeholder":[0,10,68,22],"visible":true},"grocery":{"x":926,"y":930,"width":32,"height":32,"pixelRatio":2,"visible":true},"harbor":{"x":958,"y":930,"width":32,"height":32,"pixelRatio":2,"visible":true},"hardware":{"x":990,"y":930,"width":32,"height":32,"pixelRatio":2,"visible":true},"heliport":{"x":0,"y":962,"width":32,"height":32,"pixelRatio":2,"visible":true},"highway-rest-area":{"x":32,"y":962,"width":32,"height":32,"pixelRatio":2,"visible":true},"historic":{"x":64,"y":962,"width":32,"height":32,"pixelRatio":2,"visible":true},"horse-riding":{"x":96,"y":962,"width":32,"height":32,"pixelRatio":2,"visible":true},"hospital":{"x":128,"y":962,"width":32,"height":32,"pixelRatio":2,"visible":true},"hr-motorway-3":{"x":160,"y":962,"width":56,"height":32,"pixelRatio":2,"placeholder":[0,10,56,22],"visible":true},"hr-motorway-4":{"x":216,"y":962,"width":68,"height":32,"pixelRatio":2,"placeholder":[0,10,68,22],"visible":true},"ice-cream":{"x":284,"y":962,"width":32,"height":32,"pixelRatio":2,"visible":true},"industry":{"x":316,"y":962,"width":32,"height":32,"pixelRatio":2,"visible":true},"information":{"x":348,"y":962,"width":32,"height":32,"pixelRatio":2,"visible":true},"it-motorway-2":{"x":380,"y":962,"width":40,"height":32,"pixelRatio":2,"placeholder":[0,10,40,22],"visible":true},"it-motorway-3":{"x":420,"y":962,"width":56,"height":32,"pixelRatio":2,"placeholder":[0,10,56,22],"visible":true},"jewelry-store":{"x":476,"y":962,"width":32,"height":32,"pixelRatio":2,"visible":true},"jp-metropolitan-road-2":{"x":508,"y":962,"width":40,"height":32,"pixelRatio":2,"placeholder":[0,10,40,22],"visible":true},"jp-metropolitan-road-3":{"x":548,"y":962,"width":52,"height":32,"pixelRatio":2,"placeholder":[0,10,52,22],"visible":true},"jp-metropolitan-road-4":{"x":600,"y":962,"width":64,"height":32,"pixelRatio":2,"placeholder":[0,10,64,22],"visible":true},"jp-prefectural-road-2":{"x":664,"y":962,"width":40,"height":32,"pixelRatio":2,"placeholder":[0,10,40,22],"visible":true},"jp-prefectural-road-3":{"x":704,"y":962,"width":52,"height":32,"pixelRatio":2,"placeholder":[0,10,52,22],"visible":true},"jp-prefectural-road-4":{"x":756,"y":962,"width":64,"height":32,"pixelRatio":2,"placeholder":[0,10,64,22],"visible":true},"kr-metropolitan-2":{"x":820,"y":962,"width":40,"height":32,"pixelRatio":2,"placeholder":[0,10,40,22],"visible":true},"kr-metropolitan-3":{"x":860,"y":962,"width":52,"height":32,"pixelRatio":2,"placeholder":[0,10,52,22],"visible":true},"kr-metropolitan-4":{"x":912,"y":962,"width":64,"height":32,"pixelRatio":2,"placeholder":[0,10,64,22],"visible":true},"kr-metropolitan-5":{"x":1012,"y":866,"width":76,"height":32,"pixelRatio":2,"placeholder":[0,10,76,22],"visible":true},"kr-metropolitan-6":{"x":1088,"y":866,"width":88,"height":32,"pixelRatio":2,"placeholder":[0,10,88,22],"visible":true},"landmark":{"x":1176,"y":866,"width":32,"height":32,"pixelRatio":2,"visible":true},"laundry":{"x":1208,"y":866,"width":32,"height":32,"pixelRatio":2,"visible":true},"library":{"x":1240,"y":866,"width":32,"height":32,"pixelRatio":2,"visible":true},"lighthouse":{"x":1272,"y":866,"width":32,"height":32,"pixelRatio":2,"visible":true},"lodging":{"x":1304,"y":866,"width":32,"height":32,"pixelRatio":2,"visible":true},"london-dlr":{"x":1336,"y":866,"width":40,"height":32,"pixelRatio":2,"visible":true},"london-dlr.london-tfl-rail":{"x":1376,"y":866,"width":78,"height":32,"pixelRatio":2,"visible":true},"london-dlr.london-tfl-rail.london-underground":{"x":1454,"y":866,"width":116,"height":32,"pixelRatio":2,"visible":true},"london-dlr.london-underground":{"x":1570,"y":866,"width":78,"height":32,"pixelRatio":2,"visible":true},"london-overground":{"x":1648,"y":866,"width":40,"height":32,"pixelRatio":2,"visible":true},"london-overground.london-tfl-rail":{"x":1688,"y":866,"width":78,"height":32,"pixelRatio":2,"visible":true},"london-overground.london-tfl-rail.london-underground":{"x":1766,"y":866,"width":116,"height":32,"pixelRatio":2,"visible":true},"london-overground.london-underground":{"x":1882,"y":866,"width":78,"height":32,"pixelRatio":2,"visible":true},"london-tfl-rail":{"x":1960,"y":866,"width":40,"height":32,"pixelRatio":2,"visible":true},"london-tfl-rail.london-underground":{"x":1020,"y":898,"width":78,"height":32,"pixelRatio":2,"visible":true},"london-underground":{"x":2000,"y":866,"width":40,"height":32,"pixelRatio":2,"visible":true},"mobile-phone":{"x":1098,"y":898,"width":32,"height":32,"pixelRatio":2,"visible":true},"monument":{"x":1130,"y":898,"width":32,"height":32,"pixelRatio":2,"visible":true},"museum":{"x":1162,"y":898,"width":32,"height":32,"pixelRatio":2,"visible":true},"music":{"x":1194,"y":898,"width":32,"height":32,"pixelRatio":2,"visible":true},"my-expressway-2":{"x":1226,"y":898,"width":44,"height":32,"pixelRatio":2,"placeholder":[0,10,44,22],"visible":true},"my-expressway-3":{"x":1270,"y":898,"width":56,"height":32,"pixelRatio":2,"placeholder":[0,10,56,22],"visible":true},"my-federal-2":{"x":1326,"y":898,"width":44,"height":32,"pixelRatio":2,"placeholder":[0,10,44,22],"visible":true},"my-federal-3":{"x":1370,"y":898,"width":56,"height":32,"pixelRatio":2,"placeholder":[0,10,56,22],"visible":true},"my-federal-4":{"x":1426,"y":898,"width":68,"height":32,"pixelRatio":2,"placeholder":[0,10,68,22],"visible":true},"my-state-2":{"x":1494,"y":898,"width":44,"height":32,"pixelRatio":2,"placeholder":[0,10,44,22],"visible":true},"my-state-3":{"x":1538,"y":898,"width":56,"height":32,"pixelRatio":2,"placeholder":[0,10,56,22],"visible":true},"my-state-4":{"x":1594,"y":898,"width":68,"height":32,"pixelRatio":2,"placeholder":[0,10,68,22],"visible":true},"observation-tower":{"x":1662,"y":898,"width":32,"height":32,"pixelRatio":2,"visible":true},"optician":{"x":1694,"y":898,"width":32,"height":32,"pixelRatio":2,"visible":true},"park":{"x":1726,"y":898,"width":32,"height":32,"pixelRatio":2,"visible":true},"parking":{"x":1758,"y":898,"width":32,"height":32,"pixelRatio":2,"visible":true},"parking-garage":{"x":1790,"y":898,"width":32,"height":32,"pixelRatio":2,"visible":true},"pharmacy":{"x":1822,"y":898,"width":32,"height":32,"pixelRatio":2,"visible":true},"picnic-site":{"x":1854,"y":898,"width":32,"height":32,"pixelRatio":2,"visible":true},"pitch":{"x":1886,"y":898,"width":32,"height":32,"pixelRatio":2,"visible":true},"pk-national-highway-2":{"x":1918,"y":898,"width":44,"height":32,"pixelRatio":2,"placeholder":[0,10,44,22],"visible":true},"pk-national-highway-3":{"x":1962,"y":898,"width":56,"height":32,"pixelRatio":2,"placeholder":[0,10,56,22],"visible":true},"place-of-worship":{"x":1022,"y":930,"width":32,"height":32,"pixelRatio":2,"visible":true},"playground":{"x":1054,"y":930,"width":32,"height":32,"pixelRatio":2,"visible":true},"police":{"x":1086,"y":930,"width":32,"height":32,"pixelRatio":2,"visible":true},"post":{"x":1118,"y":930,"width":32,"height":32,"pixelRatio":2,"visible":true},"prison":{"x":1150,"y":930,"width":32,"height":32,"pixelRatio":2,"visible":true},"racetrack":{"x":1182,"y":930,"width":32,"height":32,"pixelRatio":2,"visible":true},"racetrack-boat":{"x":1214,"y":930,"width":32,"height":32,"pixelRatio":2,"visible":true},"racetrack-cycling":{"x":1246,"y":930,"width":32,"height":32,"pixelRatio":2,"visible":true},"racetrack-horse":{"x":1278,"y":930,"width":32,"height":32,"pixelRatio":2,"visible":true},"rail":{"x":1310,"y":930,"width":32,"height":32,"pixelRatio":2,"visible":true},"rail-light":{"x":1342,"y":930,"width":32,"height":32,"pixelRatio":2,"visible":true},"rail-metro":{"x":1374,"y":930,"width":32,"height":32,"pixelRatio":2,"visible":true},"ranger-station":{"x":1406,"y":930,"width":32,"height":32,"pixelRatio":2,"visible":true},"religious-buddhist":{"x":1438,"y":930,"width":32,"height":32,"pixelRatio":2,"visible":true},"religious-christian":{"x":1470,"y":930,"width":32,"height":32,"pixelRatio":2,"visible":true},"religious-jewish":{"x":1502,"y":930,"width":32,"height":32,"pixelRatio":2,"visible":true},"religious-muslim":{"x":1534,"y":930,"width":32,"height":32,"pixelRatio":2,"visible":true},"religious-shinto":{"x":1566,"y":930,"width":32,"height":32,"pixelRatio":2,"visible":true},"restaurant":{"x":1598,"y":930,"width":32,"height":32,"pixelRatio":2,"visible":true},"restaurant-bbq":{"x":1630,"y":930,"width":32,"height":32,"pixelRatio":2,"visible":true},"restaurant-noodle":{"x":1662,"y":930,"width":32,"height":32,"pixelRatio":2,"visible":true},"restaurant-pizza":{"x":1694,"y":930,"width":32,"height":32,"pixelRatio":2,"visible":true},"restaurant-seafood":{"x":1726,"y":930,"width":32,"height":32,"pixelRatio":2,"visible":true},"rocket":{"x":1758,"y":930,"width":32,"height":32,"pixelRatio":2,"visible":true},"school":{"x":1790,"y":930,"width":32,"height":32,"pixelRatio":2,"visible":true},"shoe":{"x":1822,"y":930,"width":32,"height":32,"pixelRatio":2,"visible":true},"shop":{"x":1854,"y":930,"width":32,"height":32,"pixelRatio":2,"visible":true},"si-motorway-2":{"x":1886,"y":930,"width":44,"height":32,"pixelRatio":2,"placeholder":[0,10,44,22],"visible":true},"skateboard":{"x":1930,"y":930,"width":32,"height":32,"pixelRatio":2,"visible":true},"skiing":{"x":1962,"y":930,"width":32,"height":32,"pixelRatio":2,"visible":true},"slipway":{"x":1994,"y":930,"width":32,"height":32,"pixelRatio":2,"visible":true},"stadium":{"x":976,"y":962,"width":32,"height":32,"pixelRatio":2,"visible":true},"suitcase":{"x":1008,"y":962,"width":32,"height":32,"pixelRatio":2,"visible":true},"swimming":{"x":1040,"y":962,"width":32,"height":32,"pixelRatio":2,"visible":true},"table-tennis":{"x":1072,"y":962,"width":32,"height":32,"pixelRatio":2,"visible":true},"tennis":{"x":1104,"y":962,"width":32,"height":32,"pixelRatio":2,"visible":true},"theatre":{"x":1136,"y":962,"width":32,"height":32,"pixelRatio":2,"visible":true},"toilet":{"x":1168,"y":962,"width":32,"height":32,"pixelRatio":2,"visible":true},"toll":{"x":1200,"y":962,"width":32,"height":32,"pixelRatio":2,"visible":true},"town-hall":{"x":1232,"y":962,"width":32,"height":32,"pixelRatio":2,"visible":true},"tr-motorway-3":{"x":1264,"y":962,"width":56,"height":32,"pixelRatio":2,"placeholder":[0,10,56,22],"visible":true},"tr-motorway-4":{"x":1320,"y":962,"width":68,"height":32,"pixelRatio":2,"placeholder":[0,10,68,22],"visible":true},"tr-motorway-5":{"x":1388,"y":962,"width":76,"height":32,"pixelRatio":2,"placeholder":[0,10,76,22],"visible":true},"tr-motorway-6":{"x":1464,"y":962,"width":88,"height":32,"pixelRatio":2,"placeholder":[0,10,88,22],"visible":true},"tunnel":{"x":1552,"y":962,"width":32,"height":32,"pixelRatio":2,"visible":true},"veterinary":{"x":1584,"y":962,"width":32,"height":32,"pixelRatio":2,"visible":true},"viewpoint":{"x":1616,"y":962,"width":32,"height":32,"pixelRatio":2,"visible":true},"volleyball":{"x":1648,"y":962,"width":32,"height":32,"pixelRatio":2,"visible":true},"watch":{"x":1680,"y":962,"width":32,"height":32,"pixelRatio":2,"visible":true},"watermill":{"x":1712,"y":962,"width":32,"height":32,"pixelRatio":2,"visible":true},"wetland":{"x":1744,"y":962,"width":32,"height":32,"pixelRatio":2,"visible":true},"windmill":{"x":1776,"y":962,"width":32,"height":32,"pixelRatio":2,"visible":true},"zoo":{"x":1808,"y":962,"width":32,"height":32,"pixelRatio":2,"visible":true},"level-crossing":{"x":2018,"y":898,"width":30,"height":30,"pixelRatio":2,"visible":true},"oneway-large":{"x":1840,"y":962,"width":30,"height":30,"pixelRatio":2,"visible":true},"oneway-white-large":{"x":1870,"y":962,"width":30,"height":30,"pixelRatio":2,"visible":true},"default-2":{"x":1900,"y":962,"width":40,"height":28,"pixelRatio":2,"placeholder":[0,8,40,20],"visible":true},"default-3":{"x":1940,"y":962,"width":52,"height":28,"pixelRatio":2,"placeholder":[0,8,52,20],"visible":true},"default-4":{"x":1014,"y":832,"width":64,"height":28,"pixelRatio":2,"placeholder":[0,8,64,20],"visible":true},"default-5":{"x":1078,"y":832,"width":76,"height":28,"pixelRatio":2,"placeholder":[0,8,76,20],"visible":true},"default-6":{"x":1154,"y":832,"width":88,"height":28,"pixelRatio":2,"placeholder":[0,8,88,20],"visible":true},"gb-national-rail":{"x":1992,"y":962,"width":34,"height":28,"pixelRatio":2,"visible":true},"intersection":{"x":1242,"y":832,"width":52,"height":28,"pixelRatio":2,"visible":true},"jp-expressway-2":{"x":1294,"y":832,"width":40,"height":28,"pixelRatio":2,"placeholder":[0,8,40,20],"visible":true},"jp-expressway-3":{"x":1334,"y":832,"width":52,"height":28,"pixelRatio":2,"placeholder":[0,8,52,20],"visible":true},"motorway-exit-1":{"x":1386,"y":832,"width":40,"height":28,"pixelRatio":2,"placeholder":[0,8,40,20],"visible":true},"motorway-exit-2":{"x":1426,"y":832,"width":40,"height":28,"pixelRatio":2,"placeholder":[0,8,40,20],"visible":true},"motorway-exit-3":{"x":1466,"y":832,"width":52,"height":28,"pixelRatio":2,"placeholder":[0,8,52,20],"visible":true},"motorway-exit-4":{"x":1518,"y":832,"width":64,"height":28,"pixelRatio":2,"placeholder":[0,8,64,20],"visible":true},"motorway-exit-5":{"x":1582,"y":832,"width":76,"height":28,"pixelRatio":2,"placeholder":[0,8,76,20],"visible":true},"motorway-exit-6":{"x":1658,"y":832,"width":88,"height":28,"pixelRatio":2,"placeholder":[0,8,88,20],"visible":true},"motorway-exit-7":{"x":1746,"y":832,"width":100,"height":28,"pixelRatio":2,"placeholder":[0,8,100,20],"visible":true},"motorway-exit-8":{"x":1846,"y":832,"width":112,"height":28,"pixelRatio":2,"placeholder":[0,8,112,20],"visible":true},"motorway-exit-9":{"x":1016,"y":794,"width":124,"height":28,"pixelRatio":2,"placeholder":[0,8,124,20],"visible":true},"rectangle-blue-2":{"x":1958,"y":832,"width":40,"height":28,"pixelRatio":2,"placeholder":[0,8,40,20],"visible":true},"rectangle-blue-3":{"x":1140,"y":794,"width":52,"height":28,"pixelRatio":2,"placeholder":[0,8,52,20],"visible":true},"rectangle-blue-4":{"x":1192,"y":794,"width":64,"height":28,"pixelRatio":2,"placeholder":[0,8,64,20],"visible":true},"rectangle-blue-5":{"x":1256,"y":794,"width":76,"height":28,"pixelRatio":2,"placeholder":[0,8,76,20],"visible":true},"rectangle-blue-6":{"x":1332,"y":794,"width":88,"height":28,"pixelRatio":2,"placeholder":[0,8,88,20],"visible":true},"rectangle-green-2":{"x":1998,"y":832,"width":40,"height":28,"pixelRatio":2,"placeholder":[0,8,40,20],"visible":true},"rectangle-green-3":{"x":1420,"y":794,"width":52,"height":28,"pixelRatio":2,"placeholder":[0,8,52,20],"visible":true},"rectangle-green-4":{"x":1472,"y":794,"width":64,"height":28,"pixelRatio":2,"placeholder":[0,8,64,20],"visible":true},"rectangle-green-5":{"x":1536,"y":794,"width":76,"height":28,"pixelRatio":2,"placeholder":[0,8,76,20],"visible":true},"rectangle-green-6":{"x":1612,"y":794,"width":88,"height":28,"pixelRatio":2,"placeholder":[0,8,88,20],"visible":true},"rectangle-red-2":{"x":1700,"y":794,"width":40,"height":28,"pixelRatio":2,"placeholder":[0,8,40,20],"visible":true},"rectangle-red-3":{"x":1740,"y":794,"width":52,"height":28,"pixelRatio":2,"placeholder":[0,8,52,20],"visible":true},"rectangle-red-4":{"x":1792,"y":794,"width":64,"height":28,"pixelRatio":2,"placeholder":[0,8,64,20],"visible":true},"rectangle-red-5":{"x":1856,"y":794,"width":76,"height":28,"pixelRatio":2,"placeholder":[0,8,76,20],"visible":true},"rectangle-red-6":{"x":1932,"y":794,"width":88,"height":28,"pixelRatio":2,"placeholder":[0,8,88,20],"visible":true},"rectangle-white-2":{"x":1024,"y":594,"width":40,"height":28,"pixelRatio":2,"placeholder":[0,8,40,20],"visible":true},"rectangle-white-3":{"x":1064,"y":594,"width":52,"height":28,"pixelRatio":2,"placeholder":[0,8,52,20],"visible":true},"rectangle-white-4":{"x":1116,"y":594,"width":64,"height":28,"pixelRatio":2,"placeholder":[0,8,64,20],"visible":true},"rectangle-white-5":{"x":1180,"y":594,"width":76,"height":28,"pixelRatio":2,"placeholder":[0,8,76,20],"visible":true},"rectangle-white-6":{"x":1256,"y":594,"width":88,"height":28,"pixelRatio":2,"placeholder":[0,8,88,20],"visible":true},"rectangle-yellow-2":{"x":1344,"y":594,"width":40,"height":28,"pixelRatio":2,"placeholder":[0,8,40,20],"visible":true},"rectangle-yellow-3":{"x":1384,"y":594,"width":52,"height":28,"pixelRatio":2,"placeholder":[0,8,52,20],"visible":true},"rectangle-yellow-4":{"x":1436,"y":594,"width":64,"height":28,"pixelRatio":2,"placeholder":[0,8,64,20],"visible":true},"rectangle-yellow-5":{"x":1500,"y":594,"width":76,"height":28,"pixelRatio":2,"placeholder":[0,8,76,20],"visible":true},"rectangle-yellow-6":{"x":1576,"y":594,"width":88,"height":28,"pixelRatio":2,"placeholder":[0,8,88,20],"visible":true},"border-dot-13":{"x":2020,"y":794,"width":26,"height":26,"pixelRatio":2,"visible":true},"oneway-small":{"x":1664,"y":594,"width":24,"height":24,"pixelRatio":2,"visible":true},"oneway-white-small":{"x":1688,"y":594,"width":24,"height":24,"pixelRatio":2,"visible":true},"dot-10":{"x":2026,"y":930,"width":22,"height":22,"pixelRatio":2,"visible":true},"dot-11":{"x":2026,"y":962,"width":22,"height":22,"pixelRatio":2,"visible":true},"dot-9":{"x":1712,"y":594,"width":22,"height":22,"pixelRatio":2,"visible":true},"cliff":{"x":1734,"y":594,"width":16,"height":14,"pixelRatio":2,"visible":true}}