{"attribution":"<a href=\"https://www.mapbox.com/about/maps/\" target=\"_blank\" title=\"Mapbox\" aria-label=\"Mapbox\">&copy; Mapbox</a>","autoscale":true,"bounds":[-180,-85,180,85],"cacheControl":"max-age=43200,s-maxage=604800","center":[0,0,3],"created":1604614692000,"description":"png or webp file extension must be used. height = -10000 + ((R * 256 * 256 + G * 256 + B) * 0.1)","encoding":"mapbox","filesize":0,"format":"png","id":"mapbox.mapbox-terrain-dem-v1","mapbox_logo":true,"maxzoom":14,"minzoom":0,"modified":1605833570000,"name":"Mapbox Terrain-DEM v1","packs":{"scheme":[{"indexzoom":0,"maxzoom":5,"minzoom":0},{"indexzoom":6,"maxzoom":9,"minzoom":6},{"indexzoom":10,"maxzoom":12,"minzoom":10},{"indexzoom":11,"maxzoom":14,"minzoom":13}]},"private":false,"scheme":"xyz","tilejson":"2.2.0","tiles":["https://a.tiles.mapbox.com/raster/v1/mapbox.mapbox-terrain-dem-v1/{z}/{x}/{y}.png?access_token=pk.eyJ1IjoibXVnZWViIiwiYSI6ImNsdG5idzFrbTA0c3UycnA4OWRtbTJ6dmMifQ.Qa0vYWIbFEHuNuPpbVkdEQ","https://b.tiles.mapbox.com/raster/v1/mapbox.mapbox-terrain-dem-v1/{z}/{x}/{y}.png?access_token=pk.eyJ1IjoibXVnZWViIiwiYSI6ImNsdG5idzFrbTA0c3UycnA4OWRtbTJ6dmMifQ.Qa0vYWIbFEHuNuPpbVkdEQ"],"webpage":"https://studio.mapbox.com/tilesets/mapbox.mapbox-terrain-dem-v1"}